{"cameraMode":{"drawMode":0,"name":"Shaded","section":"Shading Mode"},"sceneLighting":true,"audioPlay":false,"sceneViewState":{"showFog":true,"showMaterialUpdate":false,"showSkybox":true,"showFlares":true,"showImageEffects":true,"showParticleSystems":true},"in2DMode":false,"pivot":{"x":0.21648791432380677,"y":1.319524884223938,"z":-8.734418869018555},"rotation":{"x":-0.44340333342552187,"y":0.0001209382971865125,"z":-0.0004813017731066793,"w":-0.8965251445770264},"size":3.5575215816497804,"orthographic":false}